,Iran
Shia Muslim,90%
Sunni Muslim,8.70%
Zoroastrian,0.30%
Jewish,0.30%
Christian,0.30%
Unspecified,0.40%
,
,Iraq
Shia Muslim,65%
Sunni Muslim,32.00%
Christian,0.80%
Jewish,0.09%
Hindu,0.09%
Buddhist,0.09%
Folk Religion,0.09%
Unspecified,0.10%
Other,1.74%
,
,Libya
Sunni Muslim,96.60%
Christian,2.70%
Buddhist,0.30%
Hindu,0.06%
Jewish,0.03%
Folk Religion,0.03%
Unspecified,0.20%
Other,0.02%
,
,Somalia
Sunni Muslim,100%
,
,Sudan
Sunni Muslim,100%
,
,Syria
Sunni Muslim,74%
Shia Muslim,13%
Christian,10%
Druze,3%
,
,Yemen
Sunni Muslim,65%
Shia Muslim,35%