Shia Muslim,90,Iran
Sunni Muslim,8.7,Iran
Zoroastrian,0.3,Iran
Jewish,0.3,Iran
Christian,0.3,Iran
Unspecified,0.4,Iran
Shia Muslim,65,Iraq
Sunni Muslim,32,Iraq
Christian,0.8,Iraq
Jewish,0.09,Iraq
Hindu,0.09,Iraq
Buddhist,0.09,Iraq
Folk Religion,0.09,Iraq
Unspecified,0.1,Iraq
Other,1.74,Iraq
Sunni Muslim,96.6,Libya
Christian,2.7,Libya
Buddhist,0.3,Libya
Hindu,0.06,Libya
Jewish,0.03,Libya
Folk Religion,0.03,Libya
Unspecified,0.2,Libya
Other,0.02,Libya
Sunni Muslim,100,Somalia
Sunni Muslim,100,Sudan
Sunni Muslim,74,Syria
Shia Muslim,13,Syria
Christian,10,Syria
Druze,3,Syria
Sunni Muslim,65,Yemen
Shia Muslim,35,Yemen